Value,yy,mm
-0.248830798,1850,1
-2.376564523,1850,2
-0.113882879,1850,3
0.602986802,1850,4
1.836279132,1850,5
1.623818444,1850,6
0.745504971,1850,7
0.027812437,1850,8
-0.100881799,1850,9
1.052429203,1850,10
0.917152142,1850,11
0.951547405,1850,12
2.10831439,1851,1
0.440884728,1851,2
0.135770773,1851,3
-0.146632435,1851,4
3.143792818,1851,5
1.959213396,1851,6
0.943977156,1851,7
2.03047248,1851,8
1.113320338,1851,9
0.630470098,1851,10
-0.277301518,1851,11
0.932786353,1851,12
0.068296813,1852,1
-0.91912699,1852,2
-0.154860966,1852,3
-0.378512458,1852,4
0.029787285,1852,5
2.480902305,1852,6
1.436866204,1852,7
2.518095268,1852,8
0.495028467,1852,9
0.29606257,1852,10
1.904575945,1852,11
0.37637304,1852,12
0.528271735,1853,1
1.389469861,1853,2
-1.854546473,1853,3
-0.731516467,1853,4
0.711109709,1853,5
0.509510682,1853,6
0.83355026,1853,7
3.047518997,1853,8
2.298722613,1853,9
0.574845224,1853,10
1.15545042,1853,11
-1.034161863,1853,12
-0.845234775,1854,1
0.903986492,1854,2
1.811099825,1854,3
2.257909096,1854,4
2.797371634,1854,5
0.933609206,1854,6
1.253040806,1854,7
1.444107312,1854,8
3.158275034,1854,9
2.418036323,1854,10
-0.090678419,1854,11
2.516614133,1854,12
1.649326892,1855,1
1.204327898,1855,2
1.64356692,1855,3
3.287627552,1855,4
1.791022208,1855,5
1.529684041,1855,6
1.680430742,1855,7
1.817353509,1855,8
1.192807954,1855,9
2.377222806,1855,10
1.759918358,1855,11
1.333844987,1855,12
1.10081297,1856,1
0.612038187,1856,2
-0.35843484,1856,3
1.816530656,1856,4
2.581619533,1856,5
2.806587589,1856,6
0.898555661,1856,7
1.059176599,1856,8
1.911652483,1856,9
1.79151592,1856,10
1.370708809,1856,11
2.857604486,1856,12
3.110878691,1857,1
2.648599781,1857,2
0.819561756,1857,3
1.133233385,1857,4
2.447988178,1857,5
3.117132375,1857,6
2.065690596,1857,7
3.041923596,1857,8
2.709984627,1857,9
2.729568533,1857,10
2.085768213,1857,11
2.083628795,1857,12
1.742803012,1858,1
0.472317719,1858,2
1.456943821,1858,3
1.769628026,1858,4
1.282828091,1858,5
2.483535435,1858,6
1.284638368,1858,7
1.709395174,1858,8
0.693006939,1858,9
2.713605181,1858,10
1.335655264,1858,11
1.997064642,1858,12
2.6535369,1859,1
1.264725321,1859,2
0.026825013,1859,3
1.301424572,1859,4
0.462937193,1859,5
1.569674706,1859,6
3.887816654,1859,7
3.060849219,1859,8
3.251915725,1859,9
3.02744138,1859,10
1.777527416,1859,11
3.257181985,1859,12
2.164597547,1860,1
0.834702255,1860,2
1.300601719,1860,3
1.051935491,1860,4
2.458356128,1860,5
3.348354116,1860,6
1.544166257,1860,7
1.548445094,1860,8
2.955194872,1860,9
2.158837575,1860,10
2.036397023,1860,11
1.826075753,1860,12
0.937558901,1861,1
1.785920518,1861,2
1.10097754,1861,3
0.799484139,1861,4
2.569935018,1861,5
1.883840045,1861,6
2.571745295,1861,7
2.040346718,1861,8
2.167230677,1861,9
2.386767902,1861,10
2.320939649,1861,11
1.836443703,1861,12
2.513158149,1862,1
2.216931008,1862,2
0.992854634,1862,3
1.583663209,1862,4
1.767159466,1862,5
2.651726623,1862,6
2.863364458,1862,7
2.346612668,1862,8
2.620951914,1862,9
2.559073356,1862,10
1.746917278,1862,11
2.349081227,1862,12
1.217328978,1863,1
1.631882405,1863,2
1.860800157,1863,3
2.194220261,1863,4
2.545249423,1863,5
3.097054758,1863,6
3.275613896,1863,7
2.221538986,1863,8
2.342333831,1863,9
2.886898059,1863,10
2.181219181,1863,11
2.899569998,1863,12
0.846057629,1864,1
0.375221045,1864,2
-1.472907173,1864,3
1.001741448,1864,4
1.483933405,1864,5
1.682241019,1864,6
2.40701009,1864,7
1.995748076,1864,8
1.639288084,1864,9
3.026783097,1864,10
1.508783571,1864,11
1.128131695,1864,12
1.038440699,1865,1
0.684284695,1865,2
0.800142422,1865,3
1.947528881,1865,4
2.113251509,1865,5
1.102623247,1865,6
1.358366012,1865,7
2.269758182,1865,8
1.314754794,1865,9
1.844178523,1865,10
1.748562984,1865,11
1.506808723,1865,12
1.994925223,1866,1
2.233552642,1866,2
1.136524797,1866,3
1.230494629,1866,4
2.004964032,1866,5
2.014344558,1866,6
1.557167337,1866,7
1.970075058,1866,8
2.232071507,1866,9
1.740992735,1866,10
2.300697461,1866,11
1.553382213,1866,12
0.673752175,1867,1
1.540381133,1867,2
-0.2129544,1867,3
1.182110863,1867,4
2.262187933,1867,5
2.314685965,1867,6
3.312642288,1867,7
2.11621378,1867,8
2.530108925,1867,9
2.657815736,1867,10
1.327097591,1867,11
1.348985486,1867,12
1.752018968,1868,1
0.71407198,1868,2
0.720983947,1868,3
0.423769382,1868,4
1.245470557,1868,5
1.432258226,1868,6
2.447329896,1868,7
2.58869607,1868,8
2.204752781,1868,9
2.003318326,1868,10
0.842437075,1868,11
2.449140173,1868,12
1.134056238,1869,1
0.712755415,1869,2
1.238887731,1869,3
0.381145588,1869,4
2.476129757,1869,5
1.845495088,1869,6
1.666277668,1869,7
1.754322957,1869,8
2.504765047,1869,9
3.448577632,1869,10
2.945814346,1869,11
2.164268406,1869,12
2.567301888,1870,1
1.556673625,1870,2
2.342169261,1870,3
1.493807643,1870,4
1.693760963,1870,5
1.865572705,1870,6
2.369652557,1870,7
2.854477644,1870,8
2.026358214,1870,9
2.577340696,1870,10
3.587639818,1870,11
1.801719299,1870,12
0.848032476,1871,1
0.75044209,1871,2
-0.302645396,1871,3
0.865641534,1871,4
2.429227126,1871,5
2.397794135,1871,6
2.782231136,1871,7
1.733257916,1871,8
2.446836184,1871,9
1.18145258,1871,10
2.228450953,1871,11
2.224665828,1871,12
2.059107771,1872,1
1.576586672,1872,2
0.924557821,1872,3
0.736782728,1872,4
1.89535999,1872,5
2.063057466,1872,6
2.984817586,1872,7
2.795067645,1872,8
2.08494536,1872,9
2.005951456,1872,10
3.024479109,1872,11
1.780489687,1872,12
1.952136859,1873,1
1.591068888,1873,2
1.747246419,1873,3
1.193137095,1873,4
2.397300423,1873,5
1.893220572,1873,6
2.595772607,1873,7
2.315344247,1873,8
0.919291561,1873,9
2.199321951,1873,10
1.972049905,1873,11
1.141791058,1873,12
1.782299964,1874,1
1.069544549,1874,2
1.331047286,1874,3
1.432258226,1874,4
2.083135083,1874,5
1.78888279,1874,6
2.633788424,1874,7
2.705870361,1874,8
2.524678094,1874,9
1.92136215,1874,10
1.35523917,1874,11
1.894537137,1874,12
1.713509439,1875,1
1.045517237,1875,2
1.7837811,1875,3
1.501377892,1875,4
2.782560277,1875,5
3.613312836,1875,6
2.591493771,1875,7
2.734999364,1875,8
1.967771069,1875,9
2.508550172,1875,10
1.819492928,1875,11
2.459178981,1875,12
1.483439693,1876,1
2.716238311,1876,2
1.443284459,1876,3
2.891670607,1876,4
2.621939338,1876,5
2.558250503,1876,6
2.186979153,1876,7
1.665948526,1876,8
2.301355744,1876,9
2.588366929,1876,10
2.117530346,1876,11
2.255275966,1876,12
1.018527653,1877,1
1.091761585,1877,2
1.339604959,1877,3
0.970143886,1877,4
2.389565603,1877,5
0.460468633,1877,6
0.931140646,1877,7
1.400331523,1877,8
1.068063414,1877,9
0.748467243,1877,10
2.497523939,1877,11
1.425181689,1877,12
0.13247936,1878,1
-0.79718015,1878,2
0.480875392,1878,3
0.582086332,1878,4
2.707186927,1878,5
1.670227363,1878,6
2.476458898,1878,7
1.724700243,1878,8
3.057393235,1878,9
2.896443155,1878,10
3.020035701,1878,11
4.101593907,1878,12
2.111276661,1879,1
1.963327662,1879,2
0.783356217,1879,3
2.449633885,1879,4
3.08191426,1879,5
2.1446845,1879,6
2.874061549,1879,7
2.220386992,1879,8
2.654359753,1879,9
2.431037403,1879,10
2.586556652,1879,11
3.255700849,1879,12
1.184250281,1880,1
2.276176437,1880,2
1.818011792,1880,3
1.804352429,1880,4
2.008913727,1880,5
1.661340549,1880,6
1.593043736,1880,7
1.515201826,1880,8
2.246389152,1880,9
2.904342546,1880,10
1.929590682,1880,11
2.078197964,1880,12
0.882427739,1881,1
1.122865435,1881,2
1.20729017,1881,3
1.831012872,1881,4
2.213639596,1881,5
1.892397718,1881,6
2.093009321,1881,7
2.43548081,1881,8
1.710382597,1881,9
2.424125436,1881,10
2.989425564,1881,11
2.289177517,1881,12
0.982980396,1882,1
1.889600018,1882,2
1.107889507,1882,3
2.635598701,1882,4
3.030403651,1882,5
2.116542922,1882,6
2.380349648,1882,7
1.829038024,1882,8
2.125923448,1882,9
2.184016882,1882,10
2.28473411,1882,11
1.643237779,1882,12
2.252149124,1883,1
1.253040806,1883,2
1.254357371,1883,3
2.462799535,1883,4
3.176542374,1883,5
1.590081464,1883,6
2.236350343,1883,7
2.674931082,1883,8
1.739017888,1883,9
2.279467849,1883,10
2.606469699,1883,11
0.783520788,1883,12
1.532152601,1884,1
0.796357297,1884,2
0.803598405,1884,3
0.705678878,1884,4
1.786907942,1884,5
1.472413461,1884,6
1.971391623,1884,7
1.417117728,1884,8
1.618716754,1884,9
2.05367694,1884,10
2.022079378,1884,11
0.666675638,1884,12
0.557729878,1885,1
1.231317482,1885,2
0.70617259,1885,3
0.477583979,1885,4
1.222430668,1885,5
2.111112091,1885,6
1.556179914,1885,7
1.514049831,1885,8
1.666771379,1885,9
1.206796458,1885,10
1.450196425,1885,11
2.476623469,1885,12
1.411193185,1886,1
0.672271039,1886,2
0.996310617,1886,3
1.798427887,1886,4
3.177858939,1886,5
2.062399183,1886,6
2.090705332,1886,7
2.303659732,1886,8
3.082572542,1886,9
3.705307821,1886,10
2.525500947,1886,11
2.820576093,1886,12
3.633225883,1887,1
1.593372877,1887,2
1.286942357,1887,3
1.509770995,1887,4
2.220880704,1887,5
1.769134314,1887,6
2.188624859,1887,7
1.216999837,1887,8
2.319952225,1887,9
2.351714357,1887,10
2.519905545,1887,11
2.313204829,1887,12
0.21542296,1888,1
0.198965896,1888,2
0.169507753,1888,3
1.004539149,1888,4
1.656897141,1888,5
1.836114562,1888,6
1.319856483,1888,7
1.036465852,1888,8
1.124017429,1888,9
1.56556044,1888,10
1.542685122,1888,11
0.913696159,1888,12
-0.094792685,1889,1
0.314329911,1889,2
-0.250476505,1889,3
1.360670001,1889,4
2.207221341,1889,5
2.506246183,1889,6
2.957663431,1889,7
2.962765121,1889,8
3.044885867,1889,9
3.232167248,1889,10
3.033859635,1889,11
2.657322025,1889,12
2.394831864,1890,1
1.329237009,1890,2
1.957403119,1890,3
2.26136508,1890,4
2.517601556,1890,5
3.059368083,1890,6
2.873732408,1890,7
2.616673078,1890,8
1.845495088,1890,9
2.398123276,1890,10
1.729966503,1890,11
1.859319021,1890,12
1.583004927,1891,1
-0.532386,1891,2
0.836347961,1891,3
1.36560712,1891,4
2.290987794,1891,5
1.922843286,1891,6
1.914614754,1891,7
1.854711043,1891,8
1.674177058,1891,9
2.315179677,1891,10
2.390882168,1891,11
2.142545082,1891,12
1.027908179,1892,1
1.903753092,1892,2
2.387919897,1892,3
2.312381976,1892,4
1.978961872,1892,5
2.354182917,1892,6
1.961681955,1892,7
3.922705628,1892,8
3.212254202,1892,9
2.85859191,1892,10
2.403718678,1892,11
2.453254439,1892,12
2.553477955,1893,1
2.153406744,1893,2
1.112497485,1893,3
2.491928538,1893,4
2.643662662,1893,5
3.132766586,1893,6
3.483631177,1893,7
2.213968737,1893,8
3.506835636,1893,9
2.88986033,1893,10
3.180985781,1893,11
2.532577484,1893,12
2.545578564,1894,1
1.803365006,1894,2
2.014015417,1894,3
1.504833876,1894,4
1.546799387,1894,5
2.645308368,1894,6
3.048012709,1894,7
2.491928538,1894,8
1.76567833,1894,9
2.420504882,1894,10
2.295595771,1894,11
2.058614059,1894,12
2.158837575,1895,1
1.55782562,1895,2
1.329237009,1895,3
1.980936719,1895,4
1.813403814,1895,5
2.369323415,1895,6
2.065690596,1895,7
2.236679484,1895,8
1.917412455,1895,9
2.929686424,1895,10
2.296747766,1895,11
2.847894818,1895,12
1.896018272,1896,1
0.664371649,1896,2
1.130271113,1896,3
1.579219802,1896,4
0.927849234,1896,5
1.743790436,1896,6
1.84335567,1896,7
1.570662129,1896,8
1.430777091,1896,9
2.185168876,1896,10
1.389963573,1896,11
0.908923611,1896,12
0.554932177,1897,1
0.689386385,1897,2
0.46211434,1897,3
1.012932251,1897,4
1.81998664,1897,5
2.243591451,1897,6
2.116542922,1897,7
2.676741359,1897,8
2.931825842,1897,9
1.909019352,1897,10
2.203107075,1897,11
2.432518539,1897,12
1.500061327,1898,1
2.346612668,1898,2
1.023793913,1898,3
1.042061253,1898,4
2.391869592,1898,5
1.975505889,1898,6
2.351714357,1898,7
2.400920977,1898,8
2.423138013,1898,9
2.397135852,1898,10
1.801390158,1898,11
2.728416538,1898,12
1.885814893,1899,1
1.439005622,1899,2
0.8697558,1899,3
0.968333609,1899,4
2.04330899,1899,5
2.093832174,1899,6
1.589423182,1899,7
1.524417781,1899,8
1.305867979,1899,9
2.254617684,1899,10
1.168122359,1899,11
1.845001376,1899,12
1.208606735,1900,1
1.166147511,1900,2
-0.169507753,1900,3
0.619279295,1900,4
0.993019205,1900,5
1.588600328,1900,6
2.420504882,1900,7
2.706364073,1900,8
1.87199096,1900,9
1.572801548,1900,10
2.178915192,1900,11
1.164008093,1900,12
1.159893827,1901,1
1.254851083,1901,2
1.558977614,1901,3
1.414484598,1901,4
1.88499204,1901,5
2.44831732,1901,6
1.850267636,1901,7
1.813732955,1901,8
2.13958281,1901,9
2.885910635,1901,10
3.329922205,1901,11
1.342073519,1901,12
3.035011629,1902,1
-0.163089498,1902,2
1.129612831,1902,3
0.327660132,1902,4
1.742473871,1902,5
0.893947683,1902,6
1.321995902,1902,7
2.017800541,1902,8
1.5708267,1902,9
0.536500266,1902,10
0.426896224,1902,11
1.544330828,1902,12
0.992031781,1903,1
-0.374891904,1903,2
0.890162558,1903,3
1.680759883,1903,4
2.769723767,1903,5
2.085768213,1903,6
3.136057998,1903,7
2.64563751,1903,8
2.151925608,1903,9
2.937585814,1903,10
2.694514988,1903,11
3.515887021,1903,12
3.071875451,1904,1
1.509277283,1904,2
1.24366028,1904,3
1.332363852,1904,4
2.181383751,1904,5
2.026193644,1904,6
2.17331979,1904,7
2.1032127,1904,8
1.85652132,1904,9
2.2718976,1904,10
1.246457981,1904,11
1.507631577,1904,12
0.799154998,1905,1
0.293594011,1905,2
-0.242906256,1905,3
0.720654806,1905,4
1.87989035,1905,5
1.258142496,1905,6
1.274599559,1905,7
1.742638442,1905,8
1.935515225,1905,9
2.005293173,1905,10
1.195605655,1905,11
1.102787817,1905,12
1.366594543,1906,1
1.508289859,1906,2
0.983638678,1906,3
1.184414852,1906,4
1.538735426,1906,5
2.511512443,1906,6
2.696983547,1906,7
1.666277668,1906,8
3.003907779,1906,9
2.702249808,1906,10
2.05647464,1906,11
2.516284991,1906,12
0.963890202,1907,1
1.683557584,1907,2
0.874034636,1907,3
2.158179292,1907,4
2.429062555,1907,5
2.964081686,1907,6
1.989988104,1907,7
2.496207374,1907,8
2.189776854,1907,9
2.37310854,1907,10
2.519082692,1907,11
2.432189397,1907,12
1.136524797,1908,1
2.351878928,1908,2
1.457766674,1908,3
2.532742055,1908,4
2.629015875,1908,5
2.209360759,1908,6
2.336080147,1908,7
2.25626339,1908,8
2.607786264,1908,9
2.373273111,1908,10
3.059038942,1908,11
2.712124046,1908,12
1.196263937,1909,1
1.825088329,1909,2
1.15034873,1909,3
1.632869829,1909,4
2.436139093,1909,5
2.409643221,1909,6
2.291316935,1909,7
3.210773066,1909,8
2.748987868,1909,9
3.197113703,1909,10
2.784699695,1909,11
2.214297878,1909,12
2.928699,1910,1
2.656992883,1910,2
2.022079378,1910,3
2.144026218,1910,4
2.483535435,1910,5
3.436234834,1910,6
3.344898133,1910,7
3.225584423,1910,8
3.036821906,1910,9
2.878175815,1910,10
2.883771217,1910,11
3.125854619,1910,12
1.492655649,1911,1
0.477583979,1911,2
1.791680491,1911,3
1.475869444,1911,4
2.46921779,1911,5
2.020762813,1911,6
1.813568385,1911,7
1.660682266,1911,8
2.216272726,1911,9
1.345200361,1911,10
2.026851926,1911,11
1.567864429,1911,12
0.609075916,1912,1
0.719502811,1912,2
0.735301592,1912,3
1.117599174,1912,4
2.441569924,1912,5
2.566314464,1912,6
2.945649775,1912,7
2.130695996,1912,8
2.318141948,1912,9
1.608348804,1912,10
2.313698541,1912,11
2.063880319,1912,12
0.69053838,1913,1
1.022312777,1913,2
1.91626046,1913,3
1.723054536,1913,4
2.015661123,1913,5
1.675658194,1913,6
2.257086243,1913,7
1.361492854,1913,8
1.88499204,1913,9
2.290987794,1913,10
0.811333225,1913,11
1.731118497,1913,12
0.895428819,1914,1
0.380816447,1914,2
0.990386074,1914,3
0.524157469,1914,4
1.395065263,1914,5
1.725852237,1914,6
1.71104088,1914,7
0.854944443,1914,8
1.998381207,1914,9
1.373177369,1914,10
1.281840667,1914,11
0.559540155,1914,12
-0.020571329,1915,1
1.365936261,1915,2
0.277959801,1915,3
0.284048914,1915,4
1.369392244,1915,5
2.97280393,1915,6
2.074906551,1915,7
1.753664674,1915,8
2.650410058,1915,9
2.909279665,1915,10
2.927547005,1915,11
2.089553338,1915,12
1.609007087,1916,1
2.483535435,1916,2
1.05407491,1916,3
1.952136859,1916,4
2.512170725,1916,5
2.831437755,1916,6
3.327618216,1916,7
2.434493386,1916,8
3.16765556,1916,9
3.033695064,1916,10
2.699122966,1916,11
3.417473782,1916,12
2.071121427,1917,1
2.926395011,1917,2
1.623160161,1917,3
2.280619844,1917,4
3.147907084,1917,5
2.438607652,1917,6
3.000287225,1917,7
2.853325649,1917,8
3.307705169,1917,9
3.023491685,1917,10
3.410068104,1917,11
2.776635734,1917,12
2.234210925,1918,1
0.855931867,1918,2
0.700577188,1918,3
1.245141416,1918,4
2.497194798,1918,5
1.136524797,1918,6
1.436207921,1918,7
1.08024164,1918,8
1.661011407,1918,9
1.381076759,1918,10
1.816201515,1918,11
0.554109324,1918,12
-0.639686054,1919,1
0.239779413,1919,2
0.201928168,1919,3
1.629578416,1919,4
1.490022519,1919,5
1.916425031,1919,6
1.357378588,1919,7
1.253040806,1919,8
1.895689131,1919,9
1.278878396,1919,10
2.514968426,1919,11
1.4643495,1919,12
1.150842442,1920,1
0.237475425,1920,2
0.439732734,1920,3
0.935254912,1920,4
1.213214713,1920,5
2.384463914,1920,6
1.954605418,1920,7
1.645870909,1920,8
2.72874568,1920,9
1.802542152,1920,10
2.063057466,1920,11
1.63056584,1920,12
1.523265787,1921,1
1.511910413,1921,2
1.709230603,1921,3
0.742213559,1921,4
2.74454446,1921,5
2.047752397,1921,6
2.391869592,1921,7
2.138595387,1921,8
1.984228132,1921,9
2.620951914,1921,10
1.416624016,1921,11
1.904905087,1921,12
2.112264085,1922,1
1.547293099,1922,2
1.055226904,1922,3
0.749948378,1922,4
1.858496168,1922,5
2.47958574,1922,6
2.062234613,1922,7
1.806162706,1922,8
2.167888959,1922,9
2.299051755,1922,10
2.235692061,1922,11
2.75738097,1922,12
1.478338004,1923,1
0.997791753,1923,2
0.29853113,1923,3
2.107656108,1923,4
1.811758108,1923,5
1.988671539,1923,6
1.733422486,1923,7
1.404445789,1923,8
1.577244955,1923,9
1.344377508,1923,10
1.292044046,1923,11
1.655416006,1923,12
0.090184707,1924,1
1.559306756,1924,2
0.895922531,1924,3
1.865901846,1924,4
2.433835104,1924,5
2.188954001,1924,6
2.098275581,1924,7
2.309584275,1924,8
2.222690981,1924,9
2.333940729,1924,10
2.895620302,1924,11
1.654593153,1924,12
2.22252641,1925,1
1.238064878,1925,2
1.27476413,1925,3
0.59985996,1925,4
1.736384758,1925,5
2.119834334,1925,6
1.363632272,1925,7
1.470932325,1925,8
1.114307762,1925,9
1.220126679,1925,10
1.325451885,1925,11
0.740403282,1925,12
1.009640839,1926,1
-0.400400352,1926,2
0.22579091,1926,3
0.788951619,1926,4
1.990810957,1926,5
1.424358836,1926,6
1.859319021,1926,7
1.795630186,1926,8
2.11604921,1926,9
2.198334527,1926,10
1.979784725,1926,11
2.287696381,1926,12
1.836772844,1927,1
0.516422649,1927,2
1.939135778,1927,3
1.241850003,1927,4
1.706762043,1927,5
2.03047248,1927,6
2.288354663,1927,7
1.310805098,1927,8
1.741486447,1927,9
1.392432133,1927,10
1.10854779,1927,11
1.278713825,1927,12
0.96586505,1928,1
0.910404746,1928,2
1.258142496,1928,3
1.240368867,1928,4
1.596170578,1928,5
1.691621545,1928,6
1.821467775,1928,7
1.905234228,1928,8
2.411782639,1928,9
1.925970128,1928,10
1.801390158,1928,11
2.003976608,1928,12
0.444998994,1929,1
0.936736048,1929,2
1.002728872,1929,3
1.172565766,1929,4
1.548445094,1929,5
1.849773924,1929,6
1.644554344,1929,7
1.204986181,1929,8
1.305867979,1929,9
2.021914807,1929,10
1.523924069,1929,11
0.90875904,1929,12
0.811168654,1930,1
0.02847072,1930,2
0.221512073,1930,3
0.531727718,1930,4
1.118586598,1930,5
1.575763819,1930,6
1.031528733,1930,7
1.221114103,1930,8
1.157754409,1930,9
1.369556815,1930,10
1.021160783,1930,11
0.256730189,1930,12
0.665194502,1931,1
-0.25705933,1931,2
0.19485163,1931,3
0.769203143,1931,4
1.858002456,1931,5
2.03294104,1931,6
1.895195419,1931,7
2.68480532,1931,8
2.37310854,1931,9
1.862281292,1931,10
1.790857637,1931,11
1.458754098,1931,12
1.172236625,1932,1
0.406160324,1932,2
0.603974226,1932,3
0.17131803,1932,4
1.82278434,1932,5
1.451677561,1932,6
1.791845061,1932,7
1.269827011,1932,8
2.237666908,1932,9
2.722821137,1932,10
1.798757028,1932,11
1.723877389,1932,12
1.098508981,1933,1
1.701331213,1933,2
1.219139255,1933,3
0.976891282,1933,4
2.021256525,1933,5
2.26136508,1933,6
2.063715748,1933,7
2.081324806,1933,8
2.020598242,1933,9
2.387097044,1933,10
3.143463677,1933,11
2.484193718,1933,12
2.69764183,1934,1
1.986532121,1934,2
1.288917204,1934,3
1.441803323,1934,4
1.547128529,1934,5
2.004305749,1934,6
2.034751317,1934,7
1.961517385,1934,8
1.47208432,1934,9
2.231248654,1934,10
2.064374031,1934,11
1.46188094,1934,12
1.029883027,1935,1
2.137937104,1935,2
1.174211472,1935,3
1.275916124,1935,4
1.86425614,1935,5
2.177269486,1935,6
1.858002456,1935,7
1.571649553,1935,8
2.063057466,1935,9
2.280455273,1935,10
1.550255371,1935,11
1.437689057,1935,12
1.523101216,1936,1
0.69596921,1936,2
0.661409377,1936,3
0.773975691,1936,4
1.991962952,1936,5
1.689646698,1936,6
1.852077913,1936,7
1.690140409,1936,8
2.153735885,1936,9
2.196030538,1936,10
1.46188094,1936,11
2.006609738,1936,12
1.213872995,1937,1
1.137841362,1937,2
1.21765812,1937,3
1.711863733,1937,4
1.609336228,1937,5
2.505423329,1937,6
1.947528881,1937,7
1.841380822,1937,8
1.876598938,1937,9
1.752183538,1937,10
2.353030923,1937,11
1.776704563,1937,12
1.800238164,1938,1
1.475869444,1938,2
1.567699858,1938,3
1.689975839,1938,4
2.461812112,1938,5
2.685628174,1938,6
2.447494466,1938,7
2.462799535,1938,8
2.120986329,1938,9
2.276176437,1938,10
2.375412529,1938,11
2.096959016,1938,12
2.05367694,1939,1
1.893549713,1939,2
1.28003039,1939,3
1.284309226,1939,4
1.784439383,1939,5
2.092186468,1939,6
2.281936409,1939,7
2.255605107,1939,8
1.565395869,1939,9
1.676481047,1939,10
2.357309759,1939,11
0.340990353,1939,12
0.85412159,1940,1
0.369131932,1940,2
0.328976697,1940,3
0.787799624,1940,4
1.383216177,1940,5
1.203998757,1940,6
1.360999142,1940,7
1.707914038,1940,8
1.262750473,1940,9
1.544495399,1940,10
2.052360375,1940,11
0.144493017,1940,12
1.00223516,1941,1
-0.087880718,1941,2
0.17131803,1941,3
0.450923537,1941,4
1.237735737,1941,5
1.806491848,1941,6
0.906784192,1941,7
1.861293869,1941,8
1.26192762,1941,9
1.04634009,1941,10
0.9554971,1941,11
0.996804329,1941,12
0.634255223,1942,1
0.513954089,1942,2
0.458164645,1942,3
1.081558206,1942,4
2.901544845,1942,5
2.904836258,1942,6
2.794409362,1942,7
2.427416849,1942,8
2.136291398,1942,9
3.257675697,1942,10
2.262352503,1942,11
3.049164704,1942,12
2.581619533,1943,1
1.442297035,1943,2
0.893618542,1943,3
1.138005933,1943,4
2.1239486,1943,5
1.869851542,1943,6
2.032611898,1943,7
2.759520388,1943,8
2.445355048,1943,9
2.525171806,1943,10
2.269099899,1943,11
2.38347649,1943,12
1.342567231,1944,1
1.032022445,1944,2
0.875351201,1944,3
1.464843212,1944,4
2.211006466,1944,5
2.227134388,1944,6
1.792338773,1944,7
2.236514914,1944,8
2.333940729,1944,9
2.279467849,1944,10
3.468490679,1944,11
1.462539223,1944,12
2.441405353,1945,1
1.977974448,1945,2
0.940192031,1945,3
1.409053767,1945,4
1.478173433,1945,5
3.068419468,1945,6
2.232729789,1945,7
2.891341466,1945,8
1.331705569,1945,9
1.443119888,1945,10
2.281113556,1945,11
1.724535672,1945,12
1.462703794,1946,1
1.00223516,1946,2
0.525967746,1946,3
0.726743919,1946,4
1.776210851,1946,5
1.948680875,1946,6
2.324066491,1946,7
2.423960866,1946,8
1.095546709,1946,9
1.608842516,1946,10
2.011053145,1946,11
1.072506821,1946,12
1.273447565,1947,1
1.577903237,1947,2
1.650972599,1947,3
1.995583506,1947,4
1.835949991,1947,5
2.055816358,1947,6
2.341840119,1947,7
2.093832174,1947,8
2.712782328,1947,9
1.89799312,1947,10
2.551009395,1947,11
2.03047248,1947,12
1.417940581,1948,1
0.420971681,1948,2
0.645775167,1948,3
1.295335459,1948,4
1.797769604,1948,5
2.12131547,1948,6
2.008090874,1948,7
2.212652172,1948,8
1.443284459,1948,9
2.292139788,1948,10
1.849280212,1948,11
1.77588171,1948,12
1.70593919,1949,1
1.675658194,1949,2
0.742871841,1949,3
1.093901003,1949,4
2.084451648,1949,5
2.175623779,1949,6
2.065032313,1949,7
2.086261925,1949,8
2.179244333,1949,9
2.861060469,1949,10
2.224007546,1949,11
2.457204134,1949,12
1.947858022,1950,1
2.204588211,1950,2
1.424358836,1950,3
1.975505889,1950,4
2.468230366,1950,5
2.701426954,1950,6
2.876530109,1950,7
2.740923906,1950,8
2.171509513,1950,9
2.416719758,1950,10
3.306717746,1950,11
1.723219107,1950,12
2.750469003,1951,1
2.315344247,1951,2
1.129777401,1951,3
1.234773466,1951,4
1.22539294,1951,5
2.204094499,1951,6
1.272131,1951,7
1.283650944,1951,8
1.872813813,1951,9
1.679114177,1951,10
2.062234613,1951,11
1.772590297,1951,12
1.120396875,1952,1
1.220126679,1952,2
0.872553501,1952,3
0.732997603,1952,4
2.026851926,1952,5
2.077704252,1952,6
1.917577025,1952,7
2.296418625,1952,8
1.843684811,1952,9
2.026029073,1952,10
1.956415695,1952,11
0.76854486,1952,12
1.699356365,1953,1
0.37637304,1953,2
0.201434456,1953,3
0.983803249,1953,4
1.197909644,1953,5
2.279961561,1953,6
1.756462375,1953,7
1.298956013,1953,8
1.465995206,1953,9
2.229273806,1953,10
1.85898988,1953,11
1.467147201,1953,12
2.168382671,1954,1
1.289740057,1954,2
0.302974537,1954,3
1.063949148,1954,4
1.873142954,1954,5
2.34727095,1954,6
2.421327736,1954,7
2.599228591,1954,8
1.9939378,1954,9
2.661600861,1954,10
2.325218485,1954,11
2.683324185,1954,12
1.686684426,1955,1
2.962929692,1955,2
1.00750142,1955,3
1.239546014,1955,4
3.002097502,1955,5
2.773344321,1955,6
2.556933938,1955,7
2.797865346,1955,8
2.923268169,1955,9
3.389332204,1955,10
3.246978606,1955,11
2.296583195,1955,12
2.295595771,1956,1
2.044460984,1956,2
1.075139951,1956,3
2.051702092,1956,4
2.824690359,1956,5
2.413757486,1956,6
2.535539755,1956,7
2.556111085,1956,8
2.520563828,1956,9
3.033530493,1956,10
2.503777623,1956,11
1.926134698,1956,12
1.598145425,1957,1
0.392994674,1957,2
0.572541235,1957,3
0.881769456,1957,4
1.256332219,1957,5
1.40197723,1957,6
1.570497559,1957,7
1.446411301,1957,8
1.356062023,1957,9
1.783945671,1957,10
0.735137021,1957,11
1.247445404,1957,12
0.011849086,1958,1
0.262983873,1958,2
-0.240437696,1958,3
0.457506362,1958,4
1.105091806,1958,5
1.367252826,1958,6
1.534127449,1958,7
2.224994969,1958,8
1.69540667,1958,9
1.838912262,1958,10
1.5708267,1958,11
1.266041886,1958,12
0.831410842,1959,1
-0.035711828,1959,2
0.756037492,1959,3
0.509839824,1959,4
2.179573474,1959,5
1.546305675,1959,6
1.812087249,1959,7
1.933704948,1959,8
2.357145188,1959,9
2.104693836,1959,10
2.527311224,1959,11
1.733422486,1959,12
1.3814059,1960,1
1.029224744,1960,2
1.138993357,1960,3
1.17881945,1960,4
2.290329511,1960,5
1.771767444,1960,6
2.49785308,1960,7
2.371956545,1960,8
2.494397097,1960,9
2.046600402,1960,10
2.320116796,1960,11
1.899967968,1960,12
0.641990043,1961,1
1.660188554,1961,2
-0.116351438,1961,3
1.379431053,1961,4
1.72140883,1961,5
1.791845061,1961,6
2.143532506,1961,7
1.98883611,1961,8
2.078691676,1961,9
1.875446943,1961,10
2.202119651,1961,11
2.982349026,1961,12
2.640206679,1962,1
0.83091713,1962,2
0.901682503,1962,3
1.283815515,1962,4
2.542780863,1962,5
1.590081464,1962,6
2.294937489,1962,7
2.113086938,1962,8
2.117859487,1962,9
2.677564212,1962,10
1.877586361,1962,11
1.551736506,1962,12
2.006609738,1963,1
1.353099751,1963,2
0.855767296,1963,3
1.073000533,1963,4
2.039688436,1963,5
1.29039834,1963,6
1.580536367,1963,7
1.829038024,1963,8
1.05670804,1963,9
1.235267178,1963,10
2.00957201,1963,11
0.861198127,1963,12
0.556248742,1964,1
0.715059404,1964,2
0.648079156,1964,3
1.807643842,1964,4
2.161306134,1964,5
2.700933242,1964,6
2.525994659,1964,7
2.545743135,1964,8
2.76264723,1964,9
2.98070332,1964,10
2.192739125,1964,11
1.553382213,1964,12
1.254851083,1965,1
0.882263168,1965,2
0.710945138,1965,3
1.076456516,1965,4
1.35013748,1965,5
0.937065189,1965,6
0.8490199,1965,7
1.163349811,1965,8
1.27229557,1965,9
1.669075368,1965,10
0.93459663,1965,11
1.427321107,1965,12
-0.385588995,1966,1
0.148936424,1966,2
0.461126916,1966,3
0.973106158,1966,4
1.56292731,1966,5
1.626122433,1966,6
1.915108466,1966,7
2.272885024,1966,8
2.09021162,1966,9
2.154394168,1966,10
2.041992425,1966,11
2.255605107,1966,12
1.757120657,1967,1
1.91346276,1967,2
1.129283689,1967,3
1.093242721,1967,4
2.242110315,1967,5
2.354182917,1967,6
2.231413224,1967,7
2.028991345,1967,8
1.981430431,1967,9
2.172826079,1967,10
1.878409215,1967,11
1.367252826,1967,12
1.66183426,1968,1
1.18392114,1968,2
1.79414905,1968,3
1.235760889,1968,4
2.237173196,1968,5
2.612723383,1968,6
2.112757797,1968,7
2.39647757,1968,8
1.779831405,1968,9
1.767324037,1968,10
1.548445094,1968,11
1.80978326,1968,12
0.203409303,1969,1
0.209004705,1969,2
0.517739214,1969,3
0.65433284,1969,4
1.98883611,1969,5
1.605715674,1969,6
1.562433598,1969,7
1.180794298,1969,8
1.720421406,1969,9
1.654264011,1969,10
1.963327662,1969,11
1.144259617,1969,12
1.314425652,1970,1
0.665523643,1970,2
1.115459756,1970,3
0.665029931,1970,4
2.429227126,1970,5
2.35237264,1970,6
2.145836495,1970,7
2.287696381,1970,8
2.675095653,1970,9
2.679703631,1970,10
2.980867891,1970,11
2.008090874,1970,12
2.087743061,1971,1
2.267289622,1971,2
1.268839587,1971,3
1.894537137,1971,4
2.559237927,1971,5
2.312217405,1971,6
2.009242868,1971,7
2.587544076,1971,8
2.488307984,1971,9
2.215943585,1971,10
2.162458129,1971,11
1.508948142,1971,12
0.837335385,1972,1
1.355568311,1972,2
0.439732734,1972,3
0.363207389,1972,4
0.678360153,1972,5
1.177009173,1972,6
0.683297272,1972,7
0.596074836,1972,8
0.682309848,1972,9
0.59706226,1972,10
1.026097902,1972,11
0.545880792,1972,12
-0.105489776,1973,1
0.009709667,1973,2
0.631457522,1973,3
1.338617536,1973,4
1.886144034,1973,5
2.268770758,1973,6
2.637408978,1973,7
2.895949444,1973,8
2.43794937,1973,9
2.89249346,1973,10
2.932484124,1973,11
2.960131991,1973,12
2.808233296,1974,1
2.185004305,1974,2
1.473071743,1974,3
1.609500799,1974,4
2.100250429,1974,5
2.254617684,1974,6
2.57816355,1974,7
2.039359294,1974,8
2.674766512,1974,9
2.701262384,1974,10
2.261694221,1974,11
1.730624785,1974,12
0.918633278,1975,1
1.083533053,1975,2
1.305374268,1975,3
1.70857232,1975,4
2.167230677,1975,5
2.494890809,1975,6
2.634775848,1975,7
3.153502486,1975,8
3.204683953,1975,9
3.411220098,1975,10
2.674108229,1975,11
2.83012119,1975,12
1.60456368,1976,1
1.66183426,1976,2
0.935584053,1976,3
0.989727792,1976,4
1.21765812,1976,5
1.28513208,1976,6
1.273612135,1976,7
1.361328283,1976,8
1.257319642,1976,9
2.059272341,1976,10
2.178256909,1976,11
1.094230144,1976,12
0.911556741,1977,1
0.954674247,1977,2
-0.510662677,1977,3
0.950559981,1977,4
1.742967583,1977,5
1.843191099,1977,6
1.704128913,1977,7
1.405268642,1977,8
1.834304285,1977,9
1.722560824,1977,10
1.351783186,1977,11
0.499636444,1977,12
1.256496789,1978,1
-0.496674173,1978,2
0.683132701,1978,3
0.99450034,1978,4
2.293127212,1978,5
2.472838344,1978,6
2.168711813,1978,7
2.150609043,1978,8
2.145836495,1978,9
1.948516305,1978,10
1.156437844,1978,11
1.137512221,1978,12
0.606278215,1979,1
0.758670622,1979,2
0.997956324,1979,3
0.939204607,1979,4
1.51618925,1979,5
2.093832174,1979,6
1.357214017,1979,7
1.587942046,1979,8
1.557661049,1979,9
1.457931245,1979,10
1.751360685,1979,11
0.531892289,1979,12
1.012767681,1980,1
0.683132701,1980,2
-0.412414008,1980,3
0.551311623,1980,4
1.766830325,1980,5
1.539229138,1980,6
1.336478117,1980,7
1.018692223,1980,8
1.38650759,1980,9
1.907867358,1980,10
2.164432976,1980,11
1.928438687,1980,12
1.379101912,1981,1
0.403362624,1981,2
-0.019090194,1981,3
0.799977851,1981,4
2.119998905,1981,5
2.038371871,1981,6
2.1032127,1981,7
1.978797301,1981,8
1.883181763,1981,9
1.878573785,1981,10
2.278315855,1981,11
1.121878011,1981,12
1.40987662,1982,1
0.360409688,1982,2
0.293758581,1982,3
0.801458987,1982,4
0.953851394,1982,5
0.774798544,1982,6
0.874857489,1982,7
0.50358614,1982,8
0.742871841,1982,9
0.731845609,1982,10
0.267262709,1982,11
-0.211473264,1982,12
-1.495124208,1983,1
-1.387659584,1983,2
-0.938217183,1983,3
0.075867062,1983,4
0.661244807,1983,5
0.902011644,1983,6
1.283650944,1983,7
1.599626561,1983,8
1.899145114,1983,9
2.425771143,1983,10
1.781806253,1983,11
1.551901077,1983,12
2.243097739,1984,1
1.628261851,1984,2
0.439732734,1984,3
1.158906403,1984,4
1.928767829,1984,5
2.014673699,1984,6
2.284569539,1984,7
2.690400722,1984,8
2.098933864,1984,9
2.021256525,1984,10
2.267618764,1984,11
1.550419941,1984,12
1.713838581,1985,1
2.421656877,1985,2
0.284048914,1985,3
1.852242484,1985,4
2.224501258,1985,5
1.664796532,1985,6
1.868370406,1985,7
2.372943969,1985,8
2.042156995,1985,9
1.514378973,1985,10
1.990152675,1985,11
1.732599633,1985,12
1.612133929,1986,1
0.533373424,1986,2
1.02823732,1986,3
0.832891978,1986,4
1.445588448,1986,5
2.427416849,1986,6
1.80978326,1986,7
1.792832485,1986,8
1.348656344,1986,9
1.749056696,1986,10
0.863995828,1986,11
0.715882257,1986,12
0.130504513,1987,1
-0.895099677,1987,2
-0.469684589,1987,3
-0.066157395,1987,4
0.266439856,1987,5
1.104762665,1987,6
0.227272045,1987,7
0.977714136,1987,8
1.081558206,1987,9
1.490516231,1987,10
1.668417086,1987,11
0.71933824,1987,12
1.063126295,1988,1
0.45684808,1988,2
1.367088255,1988,3
1.089786737,1988,4
2.206398488,1988,5
1.91889359,1988,6
2.636256983,1988,7
2.372779399,1988,8
3.05327897,1988,9
2.84312227,1988,10
2.805271024,1988,11
2.321927073,1988,12
2.359284607,1989,1
1.151007013,1989,2
1.50598587,1989,3
1.451677561,1989,4
2.638560972,1989,5
2.10568126,1989,6
2.394173581,1989,7
2.057132923,1989,8
1.989000681,1989,9
2.526488371,1989,10
1.749385838,1989,11
1.514049831,1989,12
0.618621013,1990,1
0.326178996,1990,2
-0.168191188,1990,3
0.944964579,1990,4
1.883510904,1990,5
1.408560055,1990,6
1.938971208,1990,7
2.006445168,1990,8
1.675987335,1990,9
2.297241478,1990,10
1.695900382,1990,11
1.436701633,1990,12
1.438182769,1991,1
0.416034562,1991,2
0.166545481,1991,3
0.873376354,1991,4
1.327591303,1991,5
1.687507279,1991,6
1.494136785,1991,7
2.083793366,1991,8
1.151500725,1991,9
1.361492854,1991,10
0.8697558,1991,11
0.203244733,1991,12
-1.208935876,1992,1
-0.455531514,1992,2
-1.038276129,1992,3
0.137087338,1992,4
0.905303057,1992,5
1.099660975,1992,6
1.249913964,1992,7
1.937819213,1992,8
1.662657114,1992,9
1.654757723,1992,10
1.236419172,1992,11
0.59706226,1992,12
0.533702566,1993,1
0.260021601,1993,2
0.117997144,1993,3
0.253109635,1993,4
1.378114488,1993,5
1.021654495,1993,6
1.759589217,1993,7
1.150842442,1993,8
1.248432828,1993,9
1.085178759,1993,10
2.128721149,1993,11
1.364784266,1993,12
1.333022134,1994,1
1.423206841,1994,2
0.282567778,1994,3
0.707324584,1994,4
1.132904243,1994,5
1.763374342,1994,6
1.452500414,1994,7
1.364125984,1994,8
0.904973915,1994,9
1.154133855,1994,10
1.321173048,1994,11
0.509181541,1994,12
0.475609132,1995,1
0.838816521,1995,2
0.740567852,1995,3
0.72707306,1995,4
1.475704874,1995,5
2.024547937,1995,6
2.237502338,1995,7
2.02273766,1995,8
2.142215941,1995,9
2.642510667,1995,10
2.570264159,1995,11
1.832000296,1995,12
1.922349574,1996,1
1.374000222,1996,2
1.051277209,1996,3
1.641592072,1996,4
1.766172042,1996,5
2.009407439,1996,6
2.465432665,1996,7
2.113086938,1996,8
2.730226815,1996,9
2.240464609,1996,10
2.289342087,1996,11
1.68503872,1996,12
1.954934559,1997,1
1.421890276,1997,2
-0.161279221,1997,3
0.179875703,1997,4
0.790268184,1997,5
0.369625644,1997,6
0.240437696,1997,7
0.317292182,1997,8
0.099894375,1997,9
-0.068625954,1997,10
0.196332766,1997,11
0.01826734,1997,12
-0.837993667,1998,1
-1.279536678,1998,2
-0.69580464,1998,3
0.405666612,1998,4
1.677633041,1998,5
1.993773229,1998,6
2.521880393,1998,7
1.949010016,1998,8
1.656074288,1998,9
2.44831732,1998,10
2.565820752,1998,11
2.316989954,1998,12
3.036657335,1999,1
1.564737586,1999,2
2.069804862,1999,3
1.866560129,1999,4
2.099921288,1999,5
1.724535672,1999,6
2.314356824,1999,7
1.647845757,1999,8
2.23305893,1999,9
2.787991108,1999,10
2.772192327,1999,11
2.841147422,1999,12
2.529944354,2000,1
2.37821023,2000,2
1.636161242,2000,3
2.067994585,2000,4
2.213145884,2000,5
1.65903656,2000,6
2.442228206,2000,7
2.00447032,2000,8
1.974353894,2000,9
2.372121116,2000,10
2.959638279,2000,11
2.088401343,2000,12
2.701920666,2001,1
1.306361691,2001,2
1.171249201,2001,3
1.047162943,2001,4
1.93683179,2001,5
2.088565914,2001,6
2.245730869,2001,7
2.167559818,2001,8
1.893056001,2001,9
2.531260919,2001,10
2.329826463,2001,11
0.634255223,2001,12
1.813074673,2002,1
1.10361067,2002,2
0.709464002,2002,3
1.334832411,2002,4
1.12681513,2002,5
1.940781485,2002,6
1.571320412,2002,7
1.426498254,2002,8
0.836841673,2002,9
1.521126369,2002,10
1.811922679,2002,11
0.92422868,2002,12
0.644129461,2003,1
0.534525419,2003,2
0.136099914,2003,3
1.272131,2003,4
1.712192874,2003,5
1.658378277,2003,6
1.906879934,2003,7
2.181548322,2003,8
1.554534207,2003,9
2.18368774,2003,10
1.720421406,2003,11
1.367581967,2003,12
1.527709194,2004,1
1.35523917,2004,2
0.745998683,2004,3
1.141297346,2004,4
2.141393087,2004,5
1.250901388,2004,6
1.615589912,2004,7
1.798592457,2004,8
1.570332988,2004,9
1.816036944,2004,10
1.622995591,2004,11
1.619868749,2004,12
1.89535999,2005,1
-0.305772238,2005,2
1.524417781,2005,3
0.686424114,2005,4
1.799909022,2005,5
2.251819983,2005,6
2.227134388,2005,7
2.05384151,2005,8
2.465103524,2005,9
3.181150352,2005,10
3.216697609,2005,11
3.601957463,2005,12
2.733353657,2006,1
1.824265476,2006,2
2.030143339,2006,3
1.819657498,2006,4
2.268112475,2006,5
2.507891889,2006,6
2.446671613,2006,7
1.630236699,2006,8
1.92136215,2006,9
1.571484982,2006,10
2.254123972,2006,11
2.664233991,2006,12
0.877819761,2007,1
1.570332988,2007,2
1.22029125,2007,3
2.055487217,2007,4
2.368171421,2007,5
3.598995191,2007,6
2.948282905,2007,7
2.983007309,2007,8
3.267879076,2007,9
3.806518761,2007,10
3.373204282,2007,11
4.756914171,2007,12
3.230850683,2008,1
3.68177422,2008,2
2.674931082,2008,3
2.313698541,2008,4
2.450127597,2008,5
2.406187237,2008,6
3.045215008,2008,7
2.697970971,2008,8
2.478104604,2008,9
3.375672841,2008,10
3.741677931,2008,11
3.717650618,2008,12
2.943181215,2009,1
2.389401033,2009,2
1.535114872,2009,3
1.950326582,2009,4
2.73664507,2009,5
2.192080843,2009,6
2.283088403,2009,7
2.329332751,2009,8
2.090705332,2009,9
1.682076448,2009,10
2.165091259,2009,11
1.618223042,2009,12
-0.193535065,2010,1
-0.529917441,2010,2
0.105983488,2010,3
1.220620391,2010,4
3.102156448,2010,5
3.790390838,2010,6
4.248720054,2010,7
4.129900056,2010,8
4.03757593,2010,9
4.89959691,2010,10
4.620320545,2010,11
5.424248091,2010,12
3.821659259,2011,1
3.535964639,2011,2
3.184770906,2011,3
2.759684959,2011,4
2.638725543,2011,5
2.990577558,2011,6
3.106435284,2011,7
3.065950908,2011,8
3.415992646,2011,9
3.684736492,2011,10
4.096163076,2011,11
3.952492913,2011,12
3.760438983,2012,1
3.290589823,2012,2
1.617729331,2012,3
1.788059937,2012,4
2.195701397,2012,5
2.238654332,2012,6
2.158508433,2012,7
2.271239318,2012,8
2.468888649,2012,9
2.72874568,2012,10
3.064798914,2012,11
2.793257368,2012,12
1.742967583,2013,1
2.283746686,2013,2
1.429625096,2013,3
2.038536441,2013,4
3.069736033,2013,5
3.318566831,2013,6
3.498607105,2013,7
2.937092102,2013,8
2.975930772,2013,9
2.732530804,2013,10
3.248459741,2013,11
3.18575833,2013,12
1.914943895,2014,1
1.668252515,2014,2
1.291879476,2014,3
0.980347266,2014,4
2.389565603,2014,5
2.561541916,2014,6
2.617495931,2014,7
2.511841584,2014,8
2.142709653,2014,9
2.564668758,2014,10
2.467242942,2014,11
1.999039489,2014,12
0.805902394,2015,1
0.824169734,2015,2
0.03373698,2015,3
0.125567394,2015,4
0.279770078,2015,5
0.482685669,2015,6
0.689057244,2015,7
0.059245428,2015,8
-0.009215955,2015,9
0.156671243,2015,10
0.220524649,2015,11
-1.112497485,2015,12
-0.421959105,2016,1
-1.579055232,2016,2
-0.267591851,2016,3
0.228917752,2016,4
1.750702403,2016,5
2.127075442,2016,6
2.540970586,2016,7
2.540147733,2016,8
2.845919971,2016,9
2.61716679,2016,10
2.666867121,2016,11
2.74437989,2016,12
2.659461443,2017,1
1.443284459,2017,2
1.022641919,2017,3
0.291619163,2017,4
2.135139403,2017,5
1.728814508,2017,6
2.239970897,2017,7
2.606469699,2017,8
2.566643605,2017,9
2.591658342,2017,10
3.815899287,2017,11
3.050481269,2017,12
3.118119799,2018,1
1.700179218,2018,2
1.242672856,2018,3
2.215614443,2018,4
2.439595076,2018,5
1.975012177,2018,6
2.603342857,2018,7
2.464938954,2018,8
1.493807643,2018,9
1.982582426,2018,10
1.69030498,2018,11
2.260706797,2018,12
1.121219728,2019,1
-0.21278983,2019,2
-0.303632819,2019,3
1.039098982,2019,4
1.381076759,2019,5
1.800238164,2019,6
2.112922368,2019,7
2.101237853,2019,8
1.736220187,2019,9
2.324066491,2019,10
1.949010016,2019,11
1.951643147,2019,12
